urn:sedml:symbol:time,x,v
0.0,1.0,-0.0
0.25,0.8775825618903728,-0.958851077208406
0.5,0.5403023058681398,-1.682941969615793
0.75,0.0707372016677029,-1.994989973208109
1.0,-0.4161468365471424,-1.8185948536513634
1.25,-0.8011436155469337,-1.196944288207913
1.5,-0.9899924966004454,-0.2822400161197344
1.75,-0.9364566872907963,0.7015664553792397
2.0,-0.6536436208636119,1.5136049906158564
2.25,-0.2107957994307797,1.955060235330194
2.5,0.28366218546322625,1.917848549326277
2.75,0.70866977429126,1.4110806511407838
3.0,0.960170286650366,0.5588309963978517
3.25,0.9765876257280235,-0.43023997617563103
3.5,0.7539022543433046,-1.3139731974375781
3.75,0.3466353178350258,-1.8759999535494778
4.0,-0.14550003380861354,-1.9787164932467636
4.25,-0.6020119026848236,-1.5969742252469805
4.5,-0.9111302618846769,-0.8242369704835132
4.75,-0.9971721561963784,0.1503022409236186
5.0,-0.8390715290764524,1.0880422217787395
5.25,-0.4755369279959925,1.75939151994334
5.5,0.004425697988050785,1.999980413101407
5.75,0.4833047587530059,1.750904349376857
6.0,0.8438539587324921,1.0731458360008699
6.25,0.9977982791785807,0.13264379470240137
6.5,0.9074467814501962,-0.8403340736532818
6.75,0.594920663309892,-1.607568853103242
7.0,0.1367372182078336,-1.9812147113897407
7.25,-0.354924266788705,-1.869790111049366
7.5,-0.7596879128588213,-1.3005756803142337
7.75,-0.9784534628188842,-0.4129349638755932
8.0,-0.9576594803233847,0.5758066333301306
8.25,-0.7023970575027135,1.423570684738246
8.5,-0.27516333805159693,1.9227949837591136
8.75,0.2194399632114593,1.9512520109363152
9.0,0.6603167082440802,1.501974493543352
9.25,0.939524893748256,0.6849612369392251
9.5,0.9887046181866692,-0.2997544193259047
9.75,0.7958149698139441,-1.211079739439202
10.0,0.40808206181339196,-1.8258905014552553
10.25,-0.07956356727854007,-1.9936595885575985
10.5,-0.5477292602242684,-1.6733112770721121
10.75,-0.8817917275413242,-0.9432780061883923
11.0,-0.9999608263946371,0.017702618580807752
11.25,-0.8733046400935156,0.974349024921019
11.5,-0.5328330203333975,1.6924408083503413
11.75,-0.061905293994420546,1.9961640559587925
12.0,0.424179007336997,1.8111567240132478
12.25,0.8064094939122546,1.1827150597302487
12.5,0.9912028118634736,0.26470350019554606
12.75,0.933315112063922,-0.7181167080443366
13.0,0.6469193223286404,-1.5251169009592054
13.25,0.20213512038718198,-1.958715286207834
13.5,-0.2921388087338362,-1.912751856809006
13.75,-0.7148869687796651,-1.3984800633101955
14.0,-0.9626058663135666,-0.5418115766157381
14.25,-0.9746452757206577,0.44751128037359283
14.5,-0.7480575296890003,1.327267768425935
14.75,-0.3383192109710552,1.882062816685907
15.0,0.15425144988758405,1.9760632481857237
15.25,0.6090559761063562,1.5862544789145703
15.5,0.9147423578045313,0.80807529064613
15.75,0.9964679075571249,-0.16794891138349366
16.0,0.8342233605065102,-1.1028533624833812
16.25,0.4677318402470736,-1.7677408470916613
16.5,-0.013276747223059479,-1.9998237202145344
16.75,-0.49103472393024045,-1.7422800003383527
17.0,-0.8485702747846052,-1.0581653722400477
17.25,-0.9983462274487422,-0.11497495620984913
17.5,-0.9036922050915067,0.856365338992302
17.75,-0.587782813560387,1.618037532423813
18.0,-0.12796368962740468,1.9835577068862316
18.25,0.36318540841606234,1.863433775709411
18.5,0.7654140519453434,1.287076266713999
18.75,0.9802426408101081,0.39559759927292454
19.0,0.9550736440472949,-0.5927371574187706
19.25,0.6960693098638897,-1.4359491855432882
19.5,0.26664293235993725,-1.9275907725681756
19.75,-0.22806693448309956,-1.9472909113899561
20.0,-0.6669380616522619,-1.4902263209586977
